{
  "weights": [
    [
      [
        0.3525552319147355,
        0.5145364649676534,
        -0.6966207360061231,
        0.8148494324709729,
        -0.14974574147160255,
        -0.03727769489905661,
        -0.7587062927121331
      ],
      [
        1.626740747794588,
        1.4168537490663027,
        0.31700271023619364,
        0.3633022690200864,
        -0.33174711307204874,
        0.46015750551476914,
        0.4439351491274641
      ],
      [
        -0.31496410169974276,
        0.4912989504204417,
        -1.0828444364700207,
        0.6883365597403795,
        1.358715910113426,
        0.03645575110477829,
        1.7330646619049377
      ],
      [
        0.1591710147810593,
        0.19089804819258285,
        -0.04273916554885642,
        0.08256283878196716,
        0.17778886618059414,
        -0.23176011262123508,
        -0.9553115728217787
      ]
    ],
    [
      [
        -0.16801991271553132,
        1.6918428583574625,
        -2.2193444923110723,
        -0.04945583446292299
      ]
    ]
  ],
  "biases": [
    [
      -0.14202147236525178,
      0.3214138560116451,
      0.8244529869573641,
      -0.08444451728560584
    ],
    [
      0.7031895537763008
    ]
  ],
  "architecture": {
    "input": {
      "size": 7
    },
    "hiddenLayers": [
      {
        "size": 4,
        "activation": 0
      }
    ],
    "output": {
      "size": 1,
      "activation": 2
    }
  },
  "vocabulary": [
    "buy",
    "now",
    "free",
    "meeting",
    "project",
    "click",
    "hello"
  ]
}